scenario_id,relative_position_x,relative_position_y,relative_position_z,relative_velocity_x,relative_velocity_y,relative_velocity_z,time_to_conjunction,sat_altitude,debris_altitude,scenario_type,collision_risk,required_delta_v
0,-8.799343096979555,-11.092440511858513,8.757072692969587,0.003568870081600603,0.0010541424899790375,-0.009304680447081992,392.67468548677397,750.0543484726886,739.323095538839,near_conjunction,1,1.0119208994679159
1,-4.12968060483945,0.8838520425210845,0.5107370857049318,-0.001869309446299372,-0.025167597108205264,-0.005386928958466264,24.856673198995097,726.915097135874,730.9276000358686,near_conjunction,1,2.079669164893838
2,-3052.691651401717,1237.2952668832463,-11013.044594864856,-1.3956070608830338,1.65361162342968,-3.7660179812963985,1791.1666375202217,719.5069494179779,629.1521271585743,background,0,0.0
3,-1013.7225793237654,-7376.568853116658,7422.00557263724,11.405444251508026,-6.096124115525446,0.2921697292646353,0.0005979373155736449,622.5503508862912,1156.1146767991513,background,0,0.0
4,781.5741912571937,-4443.692858636896,-2104.8509486767707,-1.8858098861501613,-0.6934988189763533,4.85566120434331,679.8946793657982,866.5960798360356,659.0999132533971,background,0,0.0
5,17.598773334231737,-8.265999348856894,2.4851819362543353,-0.004633075765384298,0.0012726841122585597,-0.011871945278501439,144.68704234281978,684.877855995961,702.5612976117727,near_conjunction,1,0.5862468865671705
6,-6.082544021619867,-1.2776133615197978,16.507656291431886,0.006894039005707953,-0.0032721342022219435,-0.0036857589409997615,588.2523273792144,547.3432679451489,556.2907173895646,near_conjunction,1,0.9780928253065198
7,2952.7476330292643,11814.267127805255,5704.871603876143,-9.95619203312937,7.092271293727897,-5.5278878357253785,1799.9994020626843,489.2592814174568,871.6923665264949,background,0,0.0
8,-3137.451052915191,4911.739339191523,-9047.855526095462,-10.410036415970769,8.92467624286008,3.873646113593025,0.0005979373155736449,646.0227243417094,667.9034497120019,background,0,0.0
9,573.1642187460793,-4866.568899086849,-4202.869316865737,5.846343119172264,-0.1927019919718611,12.728426138707913,289.04692855472064,586.5590521696577,631.8718500676068,background,0,0.0
10,7996.965514927495,6090.802853239162,-6578.52925079819,-5.891782121704871,-5.844080395059796,2.7510229595900455,947.1682095409427,769.2853670981449,1215.6903076154258,background,0,0.0
11,1601.9568390070872,1557.626597352244,-4128.231404032833,3.372160887081043,3.792737182052561,-5.5913236931357675,0.0005979373155736449,683.2601357897765,942.3883482951396,background,0,0.0
12,-5760.56820862884,-3102.4801636743446,990.5696343143929,11.67835030150409,5.998514949592895,0.17274652635838983,459.156098328137,769.7119460110798,602.2291871409816,background,0,0.0
13,-473.5218148784837,-349.7444254933471,1748.513871266579,-13.750406164621168,1.474698577618661,4.800909764020428,0.0005979373155736449,765.9366513531613,1199.0527510335287,background,0,0.0
14,-3402.7365371014116,2624.775116730456,-4127.286986841039,-3.1428002115626263,3.1039434010676716,-3.700852064489107,1799.9994020626843,773.2068693075807,971.0741379656429,background,0,0.0
15,1895.2458943264974,5450.029429631415,-7146.425557766517,-10.9471764336895,1.3673101101485505,2.603581345696488,507.62132058024116,831.9177012480513,637.0028792312141,background,0,0.0
16,4972.580618218534,10211.27796855775,-7319.240905456863,-1.045549440741385,-3.399394265565187,-1.2062420024117206,1278.0303059804446,480.8233836390973,517.3330124821914,background,0,0.0
17,-10.842125373951149,3.469647988305951,14.474823589717744,-0.01454024302481205,-0.0020852184825126407,-0.006320525539349475,0.0005979373155736449,732.2769782589849,717.3861666221837,near_conjunction,1,0.6585040640658335
18,-1321.3470100034037,1008.1506808996344,2902.839975877406,1.53285074579941,-0.5376284690879212,-4.473802795863578,605.6526968349117,880.792886377747,895.0353719145733,background,0,0.0
19,-3556.6092945162204,12806.661590508354,-1228.0209774903103,-7.4165315623793475,-5.533414881212889,-7.197698240766153,1068.049658788114,744.4846302542037,811.6080593605402,background,0,0.0
20,-3.7856683790287207,-9.283074595051403,6.378260997464281,0.009664471342208714,-0.0014070839912334598,0.005418838416035174,0.0005345500655590482,862.3042826342999,855.3159847942788,near_conjunction,1,1.3117702908689708
21,2403.146679136093,-218.72718765111858,-8333.877544819221,4.840121857777575,-13.583270462256335,-1.7113072319763374,0.0005979373155736449,882.8852224471611,630.4110400692616,background,0,0.0
22,-0.022603991734285955,1.5300764440967214,-2.995180787566369,-0.02109980454309479,0.0025929902033722807,0.00044385889613263174,0.0005979373155736449,445.8334561595211,446.9917098657497,near_conjunction,1,2.1636555851406194
23,-0.7821408537433285,5.178659277642282,-12.602366045873168,-0.006580587918366465,-0.009990430272202033,-0.008866418670580467,0.0005979373155736449,823.0547037354127,812.0609042577589,near_conjunction,1,1.135265725161508
24,-10756.719902713154,5851.329134877163,5750.421072355624,-3.290243841069228,1.8232623312222342,-2.251876862786582,1635.0646146840113,842.6366177866666,499.2547923992215,background,0,0.0
25,2013.536497526642,-6393.303964808828,2819.5835668888417,2.589417383728586,2.3986766472310506,9.44624414956678,0.0005979373155736449,570.5329216231048,821.2422034152751,background,0,0.0
26,7.377171703017666,0.2606644449651867,-6.486451292378661,-0.009406998682024437,0.011306132302499883,0.001576266233984644,216.06374363377788,819.8260724116717,827.9796421907231,near_conjunction,1,1.60859151878509
27,-6.371508140249716,10.18557017243711,-11.835652526346294,-0.0013762097627560976,-7.358286291303529e-05,-0.013246455506441324,1231.9223383969522,493.54290718467473,495.99829498083636,near_conjunction,1,0.5616007265898063
28,0.8206176110024899,-10.619209661931563,-2.6560677595644653,-0.0017825876338228852,0.01188094217212321,0.003344270603910182,676.4159759396543,505.16825762208737,494.5597532284046,near_conjunction,1,1.8268206026460065
29,-1743.6574480215352,-7601.823910034137,-8719.287032446247,0.6726653582433828,-8.532286415608217,1.4241764230369807,1799.9994020626843,518.3677196752315,1108.8624945007532,background,0,0.0
30,4768.780793969648,11209.61082178401,2940.7763665277876,-8.862974642828284,3.9173877740308356,-0.8507259169849806,1481.7934977140892,796.0491999175192,1028.1660015399493,background,0,0.0
31,-9.043641482423482,-0.545214457964903,7.1241384397098955,-0.003925372468374988,-0.002272425830005531,-0.0022103435143896455,637.0568960367727,628.7263595921468,628.5657325577104,near_conjunction,1,1.3861390934700244
32,2.7147507226900416,-0.5584589091695307,-1.0712998177027657,0.001914322591260953,-2.0290276090406678e-05,-0.009936163473397208,0.0005979373155736449,761.6022210959718,760.6362003801396,near_conjunction,1,2.2028560938359782
33,4.773780144634202,-3.377779468101835,4.033988683859889,0.01524358003782833,0.0025932645747674954,0.0055339140285082244,0.0005979373155736449,863.8167356076956,858.620292045297,near_conjunction,1,1.7895667592910909
34,-3.135699704372655,-2.847070666079162,-1.678106647524146,0.0029226808249536163,-0.0020531142710371597,0.002144539454430827,847.3144283935021,526.7737528080806,525.8765303411728,near_conjunction,1,2.1497129598481886
35,10971.48342801574,-2055.506672098447,3116.583684526621,-3.272714803883832,1.859846580200859,-11.248336141147842,761.2452896488462,620.7559169092892,1179.843749861112,background,0,0.0
36,-9.79092407351709,-2.1262114150085836,-3.8862176482543873,0.0063684074613021835,0.022577305324275265,0.0021693048795465852,281.50566163200705,502.60410628278896,494.6061995971022,near_conjunction,1,1.5702354333012682
37,-492.9642946343465,1053.7033380314601,488.38218344440884,2.755650965872214,12.654863699213653,5.975277503945159,0.0005979373155736449,531.0095287566946,1176.3618524729955,background,0,0.0
38,-11.450131201756903,-12.72003884116748,6.997693079188593,-0.0019123540391952076,0.002164248511276279,0.010017103884541356,0.0005588932674948947,805.0664987145274,792.0932989922967,near_conjunction,1,0.6510200835437474
39,642.5377422463339,10873.702769627602,-3188.019568012359,-7.5924492297410335,-0.09009912269106213,-3.5780201382262895,1649.1170074900863,867.8005032522733,901.532752062526,background,0,0.0
40,-1.2282118950638505,-4.67872466307017,10.537103551412656,-0.0017545422540719002,0.015875331920819136,-0.006472924513872602,618.2977794739003,668.7973639475667,677.4798466825396,near_conjunction,1,1.7231627280156538
41,-2916.486138484198,348.268187628903,9165.065704707158,8.213486880372274,9.101426597095998,-4.640314019170455,524.373774913999,600.0258943409663,685.4919659562474,background,0,0.0
42,-381.76627640330025,8496.974094922472,4214.492344617512,-1.3032793756157801,10.66076714745144,0.6574197489822236,1799.9994020626843,874.5548327161687,1245.400610363101,background,0,0.0
43,-6273.716535768071,-769.385709719423,-9822.553054934033,5.444458200885169,13.066309501816455,-5.144069208647649,0.0005979373155736449,537.5629475802107,594.6302443338627,background,0,0.0
44,-11761.0423744831,-2744.5016857535193,2040.6214355661182,3.8082945731052784,1.8935043197085917,0.5485737930987007,1212.711352162715,833.081684347113,746.259455327996,background,0,0.0
45,-0.3578132831594303,-15.665227059929975,5.92712282175853,-0.010814829746406573,-0.018063595210835892,-0.0005921683427474456,0.0005979373155736449,626.8499933157846,634.0026116988874,near_conjunction,1,0.8247134783672507
46,-6992.741766777572,-4063.2046393260716,-8842.653067509953,-3.212051304870881,-8.708543980117375,9.165594171521045,596.0149010819869,855.4355548546746,818.6067249236357,background,0,0.0
47,6946.018879454253,10176.320598233233,-878.0118894453044,-3.017664017625983,-4.953163212471272,2.1679955114834275,1056.3924767776057,508.20426069330915,685.0249777020354,background,0,0.0
48,-2271.129081790462,-3880.2459900471968,10613.642632987601,-5.307265106734827,-3.4102512080893015,2.7100586916984044,1799.9994020626843,717.7396600646116,1094.5714259224642,background,0,0.0
49,-2830.475283092167,3300.5367914243407,95.51825292541139,-10.134314457737524,10.208303825420202,0.2559320440466064,0.0005979373155736449,772.6171601616034,445.4884668521472,background,0,0.0
50,-4.132887426434081,-1.094317918800698,-5.775251592121094,-0.009772578504981144,0.01385839163046132,0.008205786858900499,53.2777389051069,849.8064615046642,856.3026994517513,near_conjunction,1,1.7895910593471773
51,-0.5221090838226132,-0.30467087671149784,10.167114232950098,0.01866733454352376,-0.001369890269177887,-0.007663059511759052,268.2883714864374,509.1708911568667,510.060102039346,near_conjunction,1,1.607500021831986
52,-1.101345320501423,-4.378255847854689,-5.706956487761033,-0.002372760043245492,-0.005487603374278116,0.0023390133320957407,861.7986005197771,568.7285480377104,570.220161666567,near_conjunction,1,1.7427777551356216
53,-2783.056358537828,-13844.975557491423,1081.6872012986241,-0.984081215755606,-2.949778590617611,-0.6630503369865965,1737.4642368722778,797.748479997038,968.9703395831157,background,0,0.0
54,0.3498678148725958,-4.594935464740047,0.8990017303271998,0.0014321889347765904,-0.00141562832178721,-0.004392048230862811,0.000569261351597451,751.5172852644082,753.8923746426526,near_conjunction,1,2.030489116153894
55,-4012.4395980659283,-804.2505407448334,-7964.427901924044,-2.4781676330437574,-0.0944154351016957,-5.034188401364598,1799.9994020626843,528.2807041268989,1113.4940322729153,background,0,0.0
56,-13249.709441002418,910.5311314601192,-3367.976691632916,2.7554576751888398,-0.7808324495967627,3.645242057032112,1283.3592240807657,748.5929475455541,1028.446753742125,background,0,0.0
57,-5331.518379873486,-648.7818971241468,-2411.1579627792016,0.9096655847484714,-2.80508067101876,3.8000295458692483,982.7186733562743,816.1248306277175,756.477400827519,background,0,0.0
58,-7043.0606160765565,-9847.234085919641,-345.1674870365405,-3.4211673025432354,1.0820370662369398,4.887275093286581,1518.7669713640569,768.303521192589,449.0441332439859,background,0,0.0
59,-0.1616683700908652,2.108170437531669,1.6840901726109223,0.010709457757324348,0.0039702040676505845,-0.0030940255559683827,0.0005979373155736449,427.3997493439492,428.963580342388,near_conjunction,1,2.2296912751563895
60,-0.9453498678285541,-1.3619623569356918,-3.553809881572761,-0.003348734821370769,0.008973042881661897,0.003809977218637073,247.73145026301302,797.458007070295,794.8784218166666,near_conjunction,1,2.1834028402632994
61,5794.287898627002,-266.46494558975746,-5722.000530534777,9.498450415287186,6.083007854737281,-0.05922317397592147,0.0005979373155736449,768.5858919012608,863.4975181143145,background,0,0.0
62,-1712.2874402181906,2947.262365302825,-3039.0342839380646,-6.858338361211681,-2.6897621933893667,1.7700930705317197,48.23401442953099,504.3464811859267,565.3951937928632,background,0,0.0
63,-4686.334950695746,-12130.48836298518,-5415.157360773611,11.653464148929919,-4.290185702875576,-0.2161629495307853,1476.4533600132613,839.5979757875484,1046.3164304167567,background,0,0.0
64,-8.018613821131112,5.469664958715839,2.6017361265856493,0.004931774968607527,-0.004754457164461101,0.010289384521673217,118.25968707736413,609.6681571551753,600.0116084389856,near_conjunction,1,1.5173777716444148
65,3879.33945487646,1167.480443631378,-117.49270271011596,-13.89373665299836,-2.809485613044138,-1.957515801338913,270.5113579249199,560.2470093931379,426.26119100034157,background,0,0.0
66,-1218.7180151016605,-2102.3919577069137,-3686.7065705552195,-9.345723514220976,0.07276600108666997,-9.279379781709265,0.0005979373155736449,529.0511894029551,522.2086048022738,background,0,0.0
67,-13.986864249874088,1.6743222821469317,6.468284423704972,-0.008291496178182811,-0.016462311414991326,-0.014367295145540915,9.79905194027459,444.20414464457826,436.4632558238163,near_conjunction,1,0.9500632401733333
68,9732.050302314234,3408.3807640309124,3996.2979876162926,-1.9421825305199403,1.0656965295554457,-5.366588420270087,1139.1528145011573,559.4312942876131,457.65797345563715,background,0,0.0
69,-4128.6062816574295,1620.2192884843462,-9989.604109333875,-6.0851739958059365,12.286609466021646,1.2051516548777397,0.0005979373155736449,709.8982107678703,860.6266849845433,background,0,0.0
70,11.220124184290626,-1.2747106930733025,-1.9982166563613646,0.012119435432219383,0.004941754981329427,0.00671333155322551,0.0006126768331341382,580.3469925812069,579.1911623393162,near_conjunction,1,1.3532258882560098
71,-4.007717813368345,8.958756804257973,14.090591152370877,-0.003412917681083094,-0.016904818001870936,0.003678745650742332,740.7982497398015,687.4065250615595,678.1420953264314,near_conjunction,1,0.9770540826430913
72,5.826903906804773,0.06649417753760645,-5.3047787468619845,-0.00893886850379566,-0.012069044808967089,-0.005018746431450005,146.8367289733995,482.295190478294,480.97588377995635,near_conjunction,1,1.7369290065232237
73,-1.1135540587356445,-1.2635195242955888,-3.4715015326719367,-0.0002962731484932313,0.01845533710623304,0.019804950628846463,127.17362413174939,473.8695249118591,470.32899381975494,near_conjunction,1,2.3156754879267822
74,-4262.930430303126,2425.380342489365,-3098.4713619872714,-2.2243560980811496,-4.0201443677630335,-4.531912934515727,1799.9994020626843,713.4376182959031,715.0290991230286,background,0,0.0
75,1.446228942032576,1.923658435854577,-3.0256246819008084,-0.0020715878280324063,0.009182758409347791,0.002698376290721005,0.0006530075032383995,808.9855865227637,808.8713959086399,near_conjunction,1,2.113393570397656
76,-3.7880825012084642,4.750089286856564,4.340151730783873,0.013951942602387316,-0.01574032842337325,0.007504750090304491,206.837684718752,503.3753316919301,501.2793131658336,near_conjunction,1,1.9014077739140136
77,-4003.2501387884295,-4898.693892576613,4884.399253347941,3.8837370991577256,-0.5901605906997567,3.0018132005466156,1684.9579964985296,645.4364619454809,1085.5515050451213,background,0,0.0
78,5242.180912945649,5942.6379990409605,6750.0559465859515,-13.56857065129476,4.661859139876523,1.2905176542697783,335.6105049040245,867.1930073451476,487.0417506243475,background,0,0.0
79,-548.4891686578694,-1584.4194994399531,-10849.933560597783,-0.16836620453131612,-0.9686521705519353,-9.372583197573352,1799.9994020626843,616.2675148408189,923.1545019596433,background,0,0.0
80,6589.070018965304,776.2501007282481,-5759.684520113932,12.149937803732215,5.426742344686008,3.5196782685059507,0.0005979373155736449,688.0761977361872,698.5306224526894,background,0,0.0
81,-7.554421785453997,-10.6575298988937,-1.7542574827352837,-0.0008967541292648207,-0.007182920859744257,0.0009211382792391198,1799.9994020626843,551.7102204148623,546.4031566363856,near_conjunction,1,1.6816367921792104
82,-9284.224992743995,-2038.7944025687657,2849.3402396653805,2.4398622197249993,-8.77016553225518,4.396236599743949,1641.8119035228435,489.3037605612117,406.3124522307289,background,0,0.0
83,4404.137660043865,-10022.120838085348,-902.7541630824902,10.575333822328652,4.672627882906751,0.5407275209847848,419.33309676919185,768.2522688333838,752.8634793795518,background,0,0.0
84,-12804.52231574554,3447.9371151888995,1667.3052575507254,-4.2188131999306755,-10.226392145110871,-9.019429574390035,1454.1091926605238,543.9715042261432,339.33476085576785,background,0,0.0
85,5.813687287973153,0.8838071255718205,4.653241111909438,-0.004793363133093642,0.009381493391851237,-0.00601504043618073,192.29661074181428,606.195380311382,599.6007988883821,near_conjunction,1,1.8152178487035286
86,-1.751229666533618,-0.281233372722852,0.0154730222947137,0.0010953796873524047,0.013166901361826966,0.003166870783059217,29.04493186072878,458.43040421755904,460.15656954371207,near_conjunction,1,2.327248220480674
87,5266.09507562462,-3767.502594197276,5580.575909666562,2.40854615002595,2.3677538956463025,1.2432698995589657,1688.7944177642773,842.0339804839341,1025.304143243955,background,0,0.0
88,5356.94470672559,5939.685773998536,1924.9993140016907,-8.568065665147213,-0.8295547737154925,8.20926325806707,391.5302404834176,672.5484209492706,1201.3052496200698,background,0,0.0
89,-10004.358964947922,1059.165597897504,6218.651852704655,-5.310428896513776,0.310334182714616,-9.90488942060546,993.4400292916556,475.8473801592363,1046.1259980266223,background,0,0.0
90,2448.1716380028884,3155.137322836984,2506.109326796295,-3.889523358357478,2.3120078396411126,-0.5182207409226905,1368.6228222512605,636.5823922688014,897.7341040167439,background,0,0.0
91,7797.707784372107,6232.151057491454,10101.306970053492,-12.40482160403037,4.791573652452195,6.693670278964859,0.0005979373155736449,574.3127123930353,1048.169635598817,background,0,0.0
92,-1.8614877904886953,0.7851331141691844,0.6099100855453798,0.0014817838461431698,0.0006841056221036368,0.010362957693547337,0.0005979373155736449,807.202786302144,808.1325525630082,near_conjunction,1,2.288965263148517
93,2958.5869737778376,-1140.6050923003968,-1439.6437506630932,-4.796210235951209,-5.183576792614115,12.638366677931732,130.95037640303713,928.5025611800511,1027.4014391486317,background,0,0.0
94,1259.2334440396626,-881.4529218293003,-1644.1721262213887,-5.682400434083319,13.199187126483363,2.973037368271323,110.86008964328681,713.5830197314699,610.8562442519124,background,0,0.0
95,-1.5763757609774984,0.21471497647144133,0.09562229126504462,-0.005654899533243274,-0.004259451084001498,0.011133372383403284,0.0005979373155736449,891.0104892825902,890.1049514196075,near_conjunction,1,2.3406194013279005
96,-274.3983761676004,-1754.5073379883474,29.048068659938508,-9.356440884709484,6.829478198152634,6.119733779796782,54.63991346919095,844.6274827598272,887.1779012806182,background,0,0.0
97,2093.9023920184127,4709.239484497359,-5708.73500387525,-9.210571403921834,5.972036379809532,-0.07723835419230118,0.0005979373155736449,719.5273157629654,1054.6209319766003,background,0,0.0
98,-7326.415824359359,-5902.034398439464,4872.241574588964,-2.464333573448454,-8.401650504830734,-9.963412922916614,0.0005979373155736449,625.4629479100831,1290.0404292144985,background,0,0.0
99,-6268.788140089112,8885.7311361488,-5863.470734139075,-3.8568663534136136,-10.809335549640295,-3.1689849662776854,853.7846759065857,876.8696086106611,284.54412223380587,background,0,0.0
100,1.6747093158962798,3.0903325409622084,-0.9969323572686335,-0.002437616219559402,-0.0016083140469984047,0.0008276912699183292,623.3392850160219,865.8773812306672,868.4775816961455,near_conjunction,1,2.243481072914937
101,6.497600855168457,1.1929745042466493,5.7132145386040065,0.009591389238981396,-0.0066227480705602915,-0.0038218681565789225,0.0005979373155736449,521.9524576830272,523.4554024547133,near_conjunction,1,1.6265993795931735
102,9505.66285272647,4881.974192221951,5049.858936409028,-5.734706564382116,7.05685843688477,6.643734539502648,1799.9994020626843,619.381646651469,610.7993673734563,background,0,0.0
103,2512.9075259313945,6671.857216221937,-1885.6275979702978,1.6086983094627727,1.906182443465424,-0.94444273974318,1740.295301966844,584.0148552965111,630.6381474503487,background,0,0.0
104,-0.3695226630331945,3.5139010742768733,10.850030177258759,0.0019470634983331792,0.0012435895139609743,-0.009733677174823097,463.407637927091,703.014531414764,696.1690004283728,near_conjunction,1,1.628387149497928
105,2727.1820787853294,-5772.016468119497,-7062.060361335924,-6.379583011334354,-11.434270050799269,-2.7959111109770745,0.0005979373155736449,652.6796501928366,1163.5181889500418,background,0,0.0
106,-6033.712964036597,11798.278345325085,-4281.184644790335,1.1252787096159231,-5.358135066105674,-4.015113250880767,1244.620995219005,863.0459851653259,921.5609523663179,background,0,0.0
107,-1007.7793201219147,6554.4723939666255,-2642.7759346287066,-4.828046318189701,-7.81833686029831,-10.654773810177053,128.8933614437934,668.809068480743,477.27996235409046,background,0,0.0
108,-9128.575195688409,-8070.789839639683,-285.40810103394415,8.005319037660527,0.45920926169019216,2.64255611589608,967.5564518197003,466.89996341614824,510.50438007997764,background,0,0.0
109,-0.6011782071444713,-8.776772409817568,8.060520616914573,-0.02405363793030446,-0.011068074157420504,-0.0026956516400913344,0.0005979373155736449,504.5405652227855,515.1803950752392,near_conjunction,1,1.3068309035818977
110,-4782.426776724745,-8887.500479751941,4238.741784181258,1.7674817122542252,-6.375484667560093,-11.76821620186158,32.19852654152826,575.0621032786685,997.5463758052119,background,0,0.0
111,10.37611347884149,-6.571463503524683,1.35609261481477,0.025089944356323723,0.007838986291848649,0.002210601429125436,0.0005979373155736449,518.1855894634928,516.7546815278347,near_conjunction,1,1.2643337667695365
112,-0.6696887234038513,-12.07470697467943,-2.440948908702012,0.010418155527215145,0.0036592488631113085,0.00504725294785402,830.9533676890952,797.9148639775958,795.5198142153504,near_conjunction,1,1.6258787873164673
113,-2740.416808589285,4266.583611179219,-3462.759076405613,-0.06900159755458812,-3.690571332906094,-6.04142142559324,0.0005979373155736449,698.9814079580328,629.2966356251818,background,0,0.0
114,2856.7400913255624,1931.4637547570956,6478.092817267912,-5.83777124364169,-11.241038894683378,-3.3231924731845472,399.54531645871594,877.4601092056464,751.2383386063348,background,0,0.0
115,-5515.563234333608,-12997.959406554193,2078.0467188942116,12.047736465031837,-3.6654352369825,7.490550843818806,693.2872074884702,610.9418175354804,1213.0338354095875,background,0,0.0
116,-4984.1346942234995,-8702.744199742963,4242.226033537432,3.0077227632293213,-4.234581651607043,-0.9004132073697022,1671.8455083978347,658.2016431674938,858.4815453533238,background,0,0.0
117,0.14064901827123322,3.42544931044813,-1.2452721663611044,-0.001217889319709009,-0.0016430288958453332,0.0043731053337532355,284.0752970176589,618.5944336456732,615.4917686730769,near_conjunction,1,2.1816156557343964
118,-9194.621346529371,-4078.680088577734,3259.4777980964914,2.025178938822622,-4.871022661061309,8.003447911767424,1799.9994020626843,804.1853351500149,824.9833087768129,background,0,0.0
119,3.0239830240925585,-4.090273970646194,-0.6314516271731918,0.0021919822934428623,-0.003743492453270214,-0.008081575233653826,0.0005979373155736449,889.562888651938,888.2635828661469,near_conjunction,1,1.987422415793236
120,-6894.965309641567,303.9997212247654,5192.224998003102,9.066685433945043,-9.596812014902723,4.779398779209499,306.3288399326669,564.8981499315705,918.2544591151554,background,0,0.0
121,-1106.7511122232067,6746.806064347595,-6489.781361878963,-3.2038586515998206,-3.4647405109603473,-2.1431843942736144,1347.622148036983,889.9972674174187,533.4369148195392,background,0,0.0
122,-5.664717280109471,-17.06779006921124,-8.727819213398561,-0.00020493929457110482,0.008884531740935842,0.009900265894080107,375.1868809926148,576.2976222867628,562.4823989725828,near_conjunction,1,0.768638582789815
123,-1.4393062564540742,-0.22749030608156318,-10.521515901553357,-0.008608504430288377,-0.014581474413366102,-0.011971096894149547,0.0005979373155736449,454.3473379541456,447.3467980345258,near_conjunction,1,1.4378050055877478
124,1.8512152667117334,4.162668349844353,7.689697109140525,0.0121247820591317,0.011854038482269846,0.01361921431780111,0.0005979373155736449,494.5002802544532,486.9646317011129,near_conjunction,1,1.6062077507719623
125,-1551.7860285018423,-4950.598107260542,-898.7831584827054,-7.170640314847372,-1.7167715176966953,-12.288734731366635,0.0005979373155736449,753.4992924717362,861.6985330942798,background,0,0.0
126,-4.347002635663102,-9.370388631277038,1.8915698790178794,0.011922021328513388,-0.004849055852070627,-0.01134832669670871,140.59126906428799,924.6801028696591,928.7561992905512,near_conjunction,1,1.4676488404770653
127,-5122.657876701175,-330.8941109351349,2005.9683702620687,-12.376890411108874,-5.3603800158373,-0.5419947195459117,0.0005979373155736449,856.749101178887,1084.5022604657252,background,0,0.0
128,242.4013477859312,4330.299698453608,11598.251427984549,-1.731316009956734,2.855680208397337,4.76845149687614,1799.9994020626843,770.9052876818496,784.1856045667791,background,0,0.0
129,-10.124683588899188,-9.066504696776974,8.594450909085936,0.005808998706077428,0.013980509406964714,0.004184304554187168,297.83076199988136,602.6379429198478,610.711519029478,near_conjunction,1,1.07073599501961
130,7287.8537177308845,3924.1472400959774,1176.507639682522,4.23740653964369,3.233565788021605,1.0314060390631345,1799.9994020626843,714.1067961721001,897.0719786509662,background,0,0.0
131,4.92147484441648,-14.903728400233376,-0.9162300219124404,0.01609320062002384,-0.01702138310825685,0.00258488139526869,0.000448555283389976,559.0346805583204,555.5956814430338,near_conjunction,1,0.9277983308917854
132,-5589.616682436806,7787.912580518485,-1702.1828450271034,-5.43797987072214,-8.248463963641068,-7.158725479763662,335.2001098857531,773.3211163315782,1122.1908269331534,background,0,0.0
133,-5943.825406493779,-3810.909312057705,-6767.171883150268,10.000672437810898,-0.5852990287980449,0.38345846053198474,773.8548632804761,707.1938533832144,547.3053182124295,background,0,0.0
134,7.076918008877328,1.8780258521419455,3.3094751162366265,0.005420872937081711,-0.009850158865687852,0.013366726310198626,0.0005979373155736449,806.7943116997358,807.1450944176968,near_conjunction,1,1.6964923658881632
135,-2171.429507208474,-430.2321174401868,4191.264778831568,7.528535718292799,0.977491183461482,-11.56295296700301,327.47325028011187,631.6411673010907,871.2233630195742,background,0,0.0
136,1170.7770189750254,-1290.9246304138082,7203.163635842046,0.023901479680337623,-0.4861139763519482,3.2946047305630324,1799.9994020626843,555.9674005604502,814.9236789778888,background,0,0.0
137,-1.5974212324995278,8.349483745520047,-1.6531516576625052,-0.011561948693340263,-0.013169399598669362,0.00335694322313973,316.1088784913901,830.2774925350805,838.2024730486173,near_conjunction,1,1.8066224741302865
138,-9.5311269849999,-1.6680778854242817,2.2189755049312225,-0.005730757021639832,-0.021389318689677417,-0.0028301472146612383,0.0005979373155736449,753.2863049594525,756.0984554482984,near_conjunction,1,1.50728242584019
139,1.561236748632382,-12.119144244928975,6.538006587533346,-0.0071523317677550935,-0.02522694943437287,0.028288986337162925,0.000513865383578613,552.3530573569878,543.6764774631793,near_conjunction,1,1.1141531817434034
140,4142.486013420845,-8321.21081078595,5984.847609771817,-2.052048682762178,0.2439458358156168,2.7075459414808067,1488.0278447158155,624.4721614660111,547.0299525335768,background,0,0.0
141,4833.565893363468,8970.222778370764,6735.80957761776,-11.95727990596637,-2.6059237156398702,5.402577443513512,723.777588994175,603.0054167023809,523.7346591767864,background,0,0.0
142,-13225.725714442413,-2284.8640577937767,2476.0854516284344,3.2557792168290716,-7.0278808551713245,11.136489812199379,1557.82877757524,655.9961277218954,557.1957079864906,background,0,0.0
143,-7518.19231605753,-1974.5315993107906,10577.312785024309,-0.08475320491186622,-6.012840295503588,2.6790786713057653,1728.3589820699947,525.6970299556506,881.4706811452024,background,0,0.0
144,1159.8102825274864,971.7458512156863,1831.2466452309147,-1.5508634270639527,0.9579629969378498,2.2130061611214034,1799.9994020626843,591.9014777494976,657.1931252415798,background,0,0.0
145,-3.633349490263381,-0.9327350606708933,-3.0023790819241185,-0.0014468119903989773,-0.009576309493862567,0.0010123442032130558,0.0005979373155736449,708.8949099236779,709.0847797051792,near_conjunction,1,2.019526101678792
146,4922.020254106191,9315.851852508495,1011.2744779963441,-12.562356830833217,-0.19389099249964992,-0.2933402475822202,636.6457721906396,832.5643495027107,575.1004367837177,background,0,0.0
147,10661.561719688332,-114.82660600022518,-2607.81626892739,-0.48019293751214337,13.97898229262827,5.638353917351473,252.35386552941657,475.31122950343524,395.8982167748136,background,0,0.0
148,-5806.31201053635,1247.083894794754,5943.876205429183,-1.4544589520056364,-10.367325515829563,-2.593622185500461,367.27899903900413,853.5355763431617,1082.2820791364757,background,0,0.0
149,606.9833980644826,754.9481333225281,-3199.000940851897,2.705859346182267,10.402414660173973,5.815019285632313,65.58671924081071,817.5163174924583,1015.5482407633845,background,0,0.0
150,4.468282913194344,3.8678719044576155,-3.423664095568256,-0.009071028038392104,0.0028233733451834553,-0.0010001541175059664,174.50808162217186,484.18019410441775,490.33015682651876,near_conjunction,1,1.8496894877406327
151,1448.847326649962,835.4526932362141,-3185.1908278866963,-1.5257075967320466,2.5916474218646095,-0.8048703790345351,1799.9994020626843,798.680775145699,498.4527534412546,background,0,0.0
152,-7145.137513214859,12621.885448047393,1769.4125000015729,-12.390558114134404,-7.414337540673234,1.9739940374919875,622.1877731433848,898.3518778453808,1145.7638474639525,background,0,0.0
153,10204.570244701677,5664.710199385682,-5551.395127711547,0.5820811799968064,3.14115285172843,11.18714767875724,998.1911932434746,809.5446357186502,367.3752700940795,background,0,0.0
154,-4.539597539841452,2.8269355806162366,-6.014044596749272,-0.006912470413214411,-0.006315627456116246,-0.001462682726921738,0.0005634280870547155,477.43675466927107,480.87593568061857,near_conjunction,1,1.6952126481687486
155,5.402517751916548,4.0573293842112435,-16.569185239868602,0.00759279264270063,0.029882475884033255,-0.018932899501520772,0.0006413178864702683,560.2029243735424,572.7651531192823,near_conjunction,1,0.7106212536290066
156,1514.353908207353,1111.0743330443102,3504.69761602142,4.306899075942458,-10.413746860602775,-8.101458697812191,180.58153165747103,856.9796606318241,1101.2321669198163,background,0,0.0
157,-2221.0858516815315,-3420.9405432947083,4140.749585486133,5.820019115920571,10.726738871324622,-6.401975964538268,383.53679059863146,461.59303526568874,704.7385619602146,background,0,0.0
158,-4.239657920315494,5.760295684100129,0.4636487642119391,0.015847309175915925,0.003326073741158897,-0.009070646716064168,128.98105954828267,744.905511210437,749.1079596713107,near_conjunction,1,1.834318318189081
159,0.031028604757011635,-4.880646138345583,-2.058247266408216,0.007468198607642584,0.006595594318782538,-0.0014099903467319486,196.72724757276066,730.4225766001828,735.2241787860021,near_conjunction,1,2.0277837534203136
160,8673.46734939265,-5512.226015617699,3756.6011913165216,6.702158534446906,10.962757919099714,1.1579731837075955,0.0005979373155736449,581.2308741313454,469.5134275074606,background,0,0.0
161,0.5306751111152153,-1.1999612944800901,-14.300934428065489,-0.0017725145727056635,-0.002910553461899057,-0.00450639335024583,1080.992450618877,795.8353402901776,792.8673188722796,near_conjunction,1,1.2156616407424539
162,5.235566105521684,-2.777496504093506,-2.048718462158263,0.011033530773375766,-0.00394713494817478,-0.003052563851455581,0.0005979373155736449,785.2880430238374,783.2686371436703,near_conjunction,1,1.8729196520064653
163,-1752.7848769159968,-12790.64622827497,523.444148416175,5.649693906120103,-2.2519148584250757,10.403975455085426,1799.9994020626843,759.6868523016565,610.248165688673,background,0,0.0
164,3.624251603447192,-7.170226631247033,-0.730448525111342,-0.009379420327921606,0.002771362173613845,0.008824491394473277,489.37448700270414,727.0533792252545,721.9405956891978,near_conjunction,1,1.8907159285826642
165,8.685784375786625,-1.6325362486377344,-2.115087315365372,-0.005631935284771572,-0.0016560235405826962,0.006559301183528987,372.3140229235232,529.0697180611514,524.079822417395,near_conjunction,1,1.7491687777963059
166,10885.61659516329,-944.9107943763001,-956.5289664623779,0.33430576811107926,11.180249697463584,-2.276814455143679,1799.9994020626843,481.0294565876293,890.368884901015,background,0,0.0
167,-2689.883726224431,-953.5104180807084,650.1427977453436,1.0122116710164564,-1.5415916935086242,-2.197777551680914,1489.9370914035396,543.1734529748719,930.9936170037063,background,0,0.0
168,-8.628548025021246,-0.6034341172653512,12.209617969039755,-0.010580507513790582,0.015233180466501572,0.008439814653804056,0.0005979373155736449,486.65141496359684,474.56358031466607,near_conjunction,1,1.003701346257155
169,0.3075450349278981,-6.6046893258976525,1.532268435026026,-0.01419300578892324,-0.006608506052253382,-0.0041285046629297995,0.0005979373155736449,829.5435031261959,827.0987404962498,near_conjunction,1,1.821292470878406
170,6783.429116739415,6805.410447311747,3038.7868297593154,-6.001615248586801,11.883847011573275,-5.473748815582458,0.0005979373155736449,621.1313250839885,1112.9644178150356,background,0,0.0
171,-3483.2780709761305,-6324.97039943503,-6428.8104601809455,3.622870525321361,7.478100741825277,-2.667052257670742,896.4366829582196,640.1411975024594,558.1343604923622,background,0,0.0
172,-2370.132546550295,7870.975083931164,1543.4839137293661,2.499442968325033,-10.952816826770684,-0.07322295797756784,628.0106841513804,720.6128120619296,654.7820329561373,background,0,0.0
173,1.2120208538616453,-9.635037141931122,-0.45082840872237284,0.006482600076909151,-0.007629549569181826,0.0009030669909778632,0.0005979373155736449,619.6351086510185,620.0619662820609,near_conjunction,1,1.5278566034282957
174,-5869.526799106821,9366.511701533298,-114.24396909341456,-9.170409982014275,-6.255844231951233,-0.44396000470485564,1799.9994020626843,714.9484032603787,1166.8262431827661,background,0,0.0
175,-5803.261979954397,9470.981637078596,4071.955132872602,-1.6442703352645254,-3.2059111553168567,-0.376991788065526,1319.2009545249914,634.021734353978,608.3049345792524,background,0,0.0
176,7902.57639017125,2826.972406913952,9045.157828716361,1.4579345180352092,13.473610992430473,-0.9062631884635075,1799.9994020626843,508.14022138714154,577.5988986046041,background,0,0.0
177,10083.423666055412,354.3765635401869,-1957.6829875199282,2.48810717767555,8.070499559546953,7.489904160435481,0.0005979373155736449,588.7403001902412,831.6328310714562,background,0,0.0
178,-4.450987666174569,-6.981315759104291,9.17238750293626,0.0013996774050202276,-0.011025421026827242,-0.0037974660158153206,0.0005979373155736449,401.6105251222307,405.6816179362004,near_conjunction,1,1.2643511972213197
179,2.838932917117745,6.414571762292326,-3.422424154395685,-0.009508318272858585,0.00930070025242502,-0.010654646714857385,0.0005979373155736449,540.7590890176007,537.7933736398718,near_conjunction,1,1.7194915710482033
180,4028.463084377763,4742.31673237977,12132.040278137745,-1.806580685660338,13.194859673669727,-5.4935949294700706,1004.3029500526745,453.0187058685906,679.9725286232051,background,0,0.0
181,6058.880413335764,2424.731211804218,1096.3311334771,0.09344159777780714,5.732669030703415,7.3259698188158975,0.0005979373155736449,621.6121272783594,417.96225826253976,background,0,0.0
182,-4.762762470822054,7.203812769860292,-4.898188275030407,-0.0036220909861448547,0.01895966547899075,0.003169713881183367,0.0005979373155736449,831.8116875095402,830.1635484999333,near_conjunction,1,1.5071695081612635
183,2758.1839687378633,-4129.158232335247,5173.295832801815,9.814362293949898,3.8401050832262467,-6.679671577856078,225.56375876986468,664.6103108287161,448.84636933226466,background,0,0.0
184,4.368809994066396,-15.70279436926603,-3.3288525233147084,-0.004039409648569414,-0.0027326555152247245,0.0030722390537576416,781.3707063461533,465.462773559374,473.1446897654605,near_conjunction,1,0.9319041855803729
185,628.2176804683456,2682.477487500654,13112.188222998015,-4.683435596490607,-11.175379461739645,4.132276943988572,1799.9994020626843,744.5578077383698,954.3166053237774,background,0,0.0
186,-7311.353461496015,-10548.691863974334,1873.7660925731286,11.396707221372656,-8.31144306880002,-2.0784803636912312,1799.9994020626843,449.60809252878335,728.9925009614572,background,0,0.0
187,625.3075088630967,12949.388274421726,-1464.524025388635,-11.943327927103635,-0.39443511248569596,-1.539851692010144,1381.0278647141226,602.1915782678398,917.0384565139502,background,0,0.0
188,14.98487642084342,-1.372313254517394,-3.751092192622764,0.02032241485730779,-0.0030934478520137643,-0.012772167626756037,1799.9994020626843,536.6478737006428,534.2403850385672,near_conjunction,1,0.8408369951928585
189,11554.932218129215,-1552.3621179624074,2096.9642036808386,-2.190672370147232,1.1600220426857208,-12.983180857405426,628.7414981308402,898.6989029328124,1087.282821909962,background,0,0.0
190,-4985.817783847793,901.5522831256749,11780.668232933069,-12.920965700380727,1.1418493768403208,-7.086817818665687,428.78604564676255,817.9389231603654,516.831856145136,background,0,0.0
191,13.768787150414482,-5.085544770932756,7.928958425888595,-0.0024114901367013886,-0.0006254864149988215,-0.0008561561663869011,1468.2491012597027,720.0745572359865,715.9302707794377,near_conjunction,1,2.3985878609895415
192,4245.907821808165,-2304.9943948779273,-5787.465564673215,-11.942464144750378,-7.547483040757475,-3.6814313170129864,82.01761821176163,551.8817936866762,539.795894965684,background,0,0.0
193,-616.1331987593601,-14356.985483962171,-574.9484363986558,7.6639872131212154,-0.7041640028929897,-8.961425612998863,1642.2807059308016,876.5226702634418,790.2975681902581,background,0,0.0
194,-9920.33761640996,-7895.334652860358,533.5137427143854,6.639281778480335,-4.925086729250165,-3.8491387447367265,1286.2800286704703,768.4352294751061,1108.140474415819,background,0,0.0
195,4.048139855975933,5.4983680279260625,-4.869999138139519,-0.0034615899164149866,-0.013949232727997973,0.001373051513755108,418.6035374425872,692.1194218269247,700.2405379669053,near_conjunction,1,1.8963020708052334
196,13052.538317538005,-3981.978697472624,-4889.518946859089,-2.5482255280180777,-0.14105225669077814,0.4896109167442324,1405.4069852494044,743.0532230302906,1223.5661556298637,background,0,0.0
197,-2.0733763603379884,4.753311447000669,-3.164911175058478,-0.015538209829768501,0.005957304099332816,0.0028827017045749415,0.0005979373155736449,661.357727397216,666.8777764962751,near_conjunction,1,1.8924674208750263
198,-10829.924567216189,3351.0031040149197,-4578.760973702314,0.16770392165060288,-5.695499233596605,6.161170722063249,1072.7620675866747,607.5951689389713,506.1973320868083,background,0,0.0
199,2.391154368372554,-1.7832109684923125,-0.1865488825005741,0.006290963556756957,0.008132240720912343,-0.0033702012879275323,0.0005979373155736449,889.5345829567095,889.831959506464,near_conjunction,1,2.2011310913433806
200,-8551.754902509618,2937.7012571765868,-5068.840178043546,0.920657243785957,1.7226299146844437,4.84931276309212,1202.0279719284445,603.6259625440043,958.6087090602969,background,0,0.0
201,2668.977465441707,-1158.9331220195327,1785.5371636791247,-0.9248510503240839,0.9146255024877694,8.186010688724636,0.0005979373155736449,740.493154429565,697.1136567676886,background,0,0.0
202,3.108486363036718,-1.503645093573141,-8.086813853248202,0.007876812344950856,-0.005396374495245215,-0.004993088434117707,0.00046397346342888073,519.5098560771248,522.3665386680586,near_conjunction,1,1.6206805924304761
203,-8251.246159087294,-1930.1681522627223,4612.2224539567405,1.7328837798956016,-8.266044403093003,-3.841361284349694,1251.239734999395,500.78723149444886,1102.0156843474888,background,0,0.0
204,-2408.610177656792,-1330.752007946835,-866.5977557278393,-3.4304738909770123,-0.5147554170121129,2.0558104552406524,0.0005979373155736449,472.0002343242186,957.6124426328242,background,0,0.0
205,-11285.288995275612,455.4913886307636,-2380.4943788514483,-3.234961457248049,-0.4364661316805858,-0.7275713496494047,1752.13300518916,498.05230833720907,1069.1634162721693,background,0,0.0
206,0.23189909654320218,-0.7103982929656922,3.14989336914914,0.0013890425167963905,-0.00753430060305238,0.0010115181210035296,0.0005563950190395686,726.7586090030791,727.27169825911,near_conjunction,1,2.176267378494393
207,1063.1083647129335,1100.8635369853214,4145.6417111294595,-1.6745189082577414,-7.74020175932379,-8.048477162573993,339.54955523842625,686.658784623738,685.7780259361589,background,0,0.0
208,-3872.492877863528,13592.75927623566,1823.9732854418276,-4.629225692815673,-3.2170581177531696,13.571570975465752,1522.262668542978,815.6616542603842,807.2864439302575,background,0,0.0
209,1055.7786498317546,-1922.2673982795816,391.78686997929617,5.960139645942945,-4.16607115094239,6.396967255233216,0.0005979373155736449,833.489303469687,699.3215105969348,background,0,0.0
210,-1.814583588041387,2.4529827065912286,-1.75908955738214,0.01557702359550106,0.006001647598675497,-0.0036402096828487274,25.286180458764264,783.6916920715848,784.321469254669,near_conjunction,1,2.150384801798727
211,-1.1228732387771743,1.0680175630341182,-2.4636450330917796,0.020958917304990443,-0.007303408122882438,-0.02207967029295199,0.0005979373155736449,788.9213943394216,788.0804760147421,near_conjunction,1,2.2089487973893847
212,5.287720311778912,2.6354445981087338,-1.5069195856403894,0.0007755444199109007,0.0002867387885672201,-0.009160246357175383,0.0005979373155736449,702.98734470612,706.5957644041218,near_conjunction,1,1.8902756091618267
213,-2530.957096809654,-3808.326983020152,-4123.168569302761,-8.48930841701659,12.082332201990646,-1.4639002106960521,102.43518213114808,826.2057268292756,553.6020775236102,background,0,0.0
214,5.01632852909097,1.0062278388941195,-2.7299421475004237,0.011615424187192414,0.006915261487964841,-0.028163942417440246,0.0005979373155736449,766.6709985250736,765.9882898987335,near_conjunction,1,1.920096555868421
215,9443.068436097925,-4900.962426296109,-3830.96181690846,3.099215688398443,10.974878768742823,-2.897567509491462,776.2957058153122,750.1812768036625,712.4245600551194,background,0,0.0
216,9.039952415756488,-11.896645841262398,-8.897037745527086,-0.004623309027311784,-0.0005116928112589569,0.011469532483187383,380.54577028104967,796.5070819100938,786.3119511727282,near_conjunction,1,0.950588660536904
217,2.5303427335761626,8.05113683982654,-8.530187084712907,0.012821085771192786,-0.0026103077425343457,-0.00280716860436403,0.0005979373155736449,841.4567663442622,846.7646882598647,near_conjunction,1,1.300051781271173
218,-2170.6972555849443,2906.2796631753135,-5427.640616748993,14.646754699574407,2.4238874356549927,-2.2723022650944897,70.38724868130922,608.6814713977146,545.2057892615876,background,0,0.0
219,-0.6853924863407883,-2.302918819673323,0.4122287681366288,0.018646518752041263,0.006250226941133086,-0.003131199388221262,72.5631027213588,738.0779424634002,739.9714689486636,near_conjunction,1,2.3026999864532622
220,1101.0300717770033,6988.448355537522,2448.0306058319893,-9.496218795049252,2.5226953015462175,0.48757722642145374,0.0005979373155736449,649.8918999932685,1087.3594918739573,background,0,0.0
221,4417.9174308707925,8835.215899030616,2233.9566066629486,-5.235105222386034,6.4816870150270445,-6.742557884134864,1799.9994020626843,466.1012758457855,454.930083971818,background,0,0.0
222,-6.722768389216981,-5.659007628918516,-16.781483175259837,0.019306068737125592,-0.019061205696571548,0.003810364481870998,201.22564398814868,824.3636643659302,823.1468266399788,near_conjunction,1,0.6538048329349636
223,-8246.889162613352,-8221.64771103313,-120.49848272036354,5.31666335515859,5.564175386959248,2.165823011217938,929.1933298891228,509.46253208637063,587.7070599205726,background,0,0.0
224,-5.8027813642084425,9.556469013513379,-7.9443204087397135,-0.001301012926952616,-0.01908580721381703,-0.0015843200190555073,871.3310770712569,506.11897952661457,512.6644162409884,near_conjunction,1,1.6831572691414363
225,9.839012317604556,1.5551826262408213,-3.3583432089258167,-0.004277323611401762,0.010648123174837654,-0.009110678789128634,0.0005979373155736449,483.6358277228928,488.67329410597176,near_conjunction,1,1.4487948270612585
226,-6.549510671222038,-13.401075433912581,1.7921215505793953,-0.0021434428658668736,-0.009874929783788566,-0.015973304281350464,1799.9994020626843,620.7763983683026,623.8121916105356,near_conjunction,1,1.049704606296889
227,-1252.4606807366017,-5577.014661531866,4830.064209009401,-1.3410775416959742,-12.560329033115039,3.4664562209992553,0.0005979373155736449,776.385236749772,836.2396626913842,background,0,0.0
228,-0.2936007238915863,-17.017653172463724,7.234935880811463,-0.0017198345399889181,-0.006680460476914174,-0.0040195608574871144,0.0005979373155736449,778.8622716823893,793.0023035076802,near_conjunction,1,0.6505916625495719
229,8425.102625144838,3144.9134338962276,-8090.727312423071,7.153182148558966,-7.510405044290168,-0.9670682521421154,1799.9994020626843,913.4342942517997,493.8508204961545,background,0,0.0
230,6241.3934466175015,4288.711657568134,8040.392574399801,-7.734617478958355,4.798322178101821,-0.13642531430336813,1115.9447910421845,523.1102955873766,761.1117701507183,background,0,0.0
231,1.87755140498939,0.38389433785550864,-5.968263139439841,-0.0366108181020679,0.0009283561532269502,-0.01896234377936956,0.0005979373155736449,767.7931343204955,769.3706528575312,near_conjunction,1,1.8731603665499705
232,3616.601577116382,-10159.786134032953,-752.5814310269607,-5.382719122792028,5.93556346211753,0.7817659897133522,900.580752171936,553.9807435295361,514.852764763109,background,0,0.0
233,0.7669585541907509,1.369805308474497,0.39721086502606795,-0.006738161653020214,-0.007799538269496864,0.016591705379007782,24.285868468715375,809.9142992430698,808.8942783956027,near_conjunction,1,2.345158214730376
234,-572.5458243983827,-7248.066326854478,-8962.745110710832,0.3976032145696342,-2.0728698144038518,0.15990956893162456,1609.6680492667758,598.2283226410027,1113.3170966030966,background,0,0.0
235,264.82895913114635,1552.237716305529,4457.245026524961,0.22247739415896994,0.00887965077491959,2.1753331176899295,1799.9994020626843,744.5735269813194,789.1917579891806,background,0,0.0
236,-4133.345194468642,3971.4948100187676,8519.569791966762,2.6500538652916457,-2.808755059253926,-7.472838413315621,863.9756756236957,818.0347912589923,623.3080027629976,background,0,0.0
237,-2243.7432454829745,-6770.120428227643,-8494.102677877443,10.070251861702204,-10.291730174905533,3.7617245110214306,0.0005979373155736449,733.343883495334,610.7829697568386,background,0,0.0
238,-10200.406533262721,2129.3241859785803,-3400.585962700663,4.295687270261615,1.8722870550717257,1.691633820999237,1128.0489053283266,800.2879620709055,504.7071713283649,background,0,0.0
239,-1.6962109013142879,4.688275666854679,-3.5601655800564913,0.00854570506090635,0.002413948582531855,-0.0029307617222189553,0.0005979373155736449,840.0297374922275,845.8704395327959,near_conjunction,1,1.8873675834171082
240,-13.46761397804039,8.644219420614377,5.347617065601526,-0.016560334410143207,-0.009446815654197138,-0.005141006402573645,0.0005979373155736449,469.72792286195454,458.9074296578692,near_conjunction,1,0.8127054195701299
241,-6269.541630543808,4490.21763383836,-2733.0112344327217,-2.3752469854686953,-6.77811419139531,-4.959302870782473,291.2183808520315,842.1573285834547,938.8417017578422,background,0,0.0
242,-793.0057331238384,4629.4637310732105,-2940.457644889919,2.3241118261102613,-2.4142575750784316,-4.520833683050969,1799.9994020626843,876.1770401419753,697.4066690839954,background,0,0.0
243,0.26389670098660645,-1.7946322309244351,0.08661227370316738,-0.007065187023242769,0.01384687983850208,-0.002539858210919732,108.29234254953505,493.6797969525842,495.1099935121647,near_conjunction,1,2.43725757008925
244,3590.156020380873,-2420.6061741916196,-6614.036626036943,-0.0015084193135946502,-14.462029776221256,4.390378354463035,0.0005979373155736449,754.6316976284534,438.57468791999236,background,0,0.0
245,6588.673467106277,8863.392902959813,-6620.371690818527,-3.7957522321288604,-5.455585396666353,-12.00462408698828,0.0005979373155736449,761.6619359575134,1136.6006337308,background,0,0.0
246,-12.389371790063706,8658.098546669331,9890.923443521322,-1.7072110776025662,-2.052961072936194,7.211468501105283,1760.4306713042956,651.7490693207801,479.8883693309317,background,0,0.0
247,-8545.534436919424,-7211.033111845791,1500.9589085336188,6.852706936741197,-4.768574218727704,6.875452542925475,1192.648261419787,769.0023387435895,1183.2171270438375,background,0,0.0
248,-680.8776457583635,696.0496953291213,-3750.981234289006,7.404105423981547,1.8938478101766814,5.635405327137868,296.3934025420016,437.9844321675273,692.2158891088129,background,0,0.0
249,10708.886828828065,7722.031505066954,4553.706754434291,-3.777434590941672,10.755517297188455,-9.600907017828852,1799.9994020626843,563.4510332317122,745.0522688128322,background,0,0.0
250,-5764.050761933814,-2183.430551418218,8677.367515896487,6.783891178552153,6.23522107433256,5.863446803518219,1780.8591513701592,633.0275180688177,827.3474065494511,background,0,0.0
251,-5037.267065117762,11162.448287984143,4422.9251903986915,-3.424027777038428,-4.337113506997663,0.7527884292914484,1337.2792266724025,824.7387027771374,776.8811833432828,background,0,0.0
252,3.475960935985313,3.23679753697661,1.2866713746780079,0.008767187549373112,0.0011835818574352786,0.01252490199313272,0.0005979373155736449,785.225883487271,786.5875077292558,near_conjunction,1,2.0079151877228445
253,72.92423932269867,-446.11340996774163,-12411.96933388406,-0.008671225973047925,-3.4595240192278127,6.708430114385044,1033.759915083146,854.4661156589718,759.19170169895,background,0,0.0
254,-17.17355090616536,0.5034236130559293,-2.6598962743460106,-0.00416585734898689,-0.02141239161151276,0.004268093511974769,0.0005979373155736449,543.9543405246632,546.6801060092248,near_conjunction,1,0.7614391200197034
255,-4082.396713633615,-50.64414385786495,2784.4297833800665,8.973184980767241,7.961237486002452,-6.542968918861357,298.4642092889461,796.3610779200717,529.725834333145,background,0,0.0
256,442.7693333516362,3915.6632636389795,-795.2814067080126,-1.6318519116123804,-1.3289754184102476,-3.157928496083392,955.0917134709508,678.1337128935274,641.4741187710906,background,0,0.0
257,-4.777057724568294,4.966229527691041,6.06213434277106,-0.010840753815978488,0.0022845572291280147,-0.00942667379322959,0.00034127733771064284,704.2717162762228,704.7528828248323,near_conjunction,1,1.582213570041015
258,-4.810912521530554,5.481153989891027,4.273115437182696,-0.005932970789467529,0.011620278326784916,-0.002983946751843547,0.0005979373155736449,649.7591181280586,648.2738677895895,near_conjunction,1,1.6547335393848834
259,-0.8935209112410121,5.5586150670546886,-0.1494093029450596,0.0038058067781152616,0.00883577833773952,0.0029204782620020353,0.0005979373155736449,607.802113984786,609.4020657275887,near_conjunction,1,1.9368041338140765
260,10.852237055016701,10.594609051227735,12.973185651418135,0.016910002031172766,-0.00046001849044186027,0.009376164981693969,0.00034550578499637955,723.4050801440053,733.6511308809622,near_conjunction,1,0.5042030577052948
261,4.989291609680549,-4.647149577887376,-18.042515935752363,-0.011111552786715384,0.017691700765436913,-0.015149289161276336,0.0006050900815541703,596.937736159618,589.3410193353484,near_conjunction,1,0.5712139168617497
262,-2.146678379801415,1.8498076467740248,2.0390729910905065,0.00370072556049017,-0.006087871566976766,0.004067616554221054,122.50694181440119,622.0649420094251,625.3899769981463,near_conjunction,1,2.170439816543663
263,13245.458978037801,-3738.1400196071218,1254.8540074281173,-3.1112810163352114,-7.381200318794227,-8.185534269541135,1255.7097054841365,406.6833576863719,954.7665003075435,background,0,0.0
264,-11.575648448386346,1.8352676327699555,3.4941004352358505,0.02119823793176856,0.006166124762069458,-0.008739482973691981,457.0519121839115,474.10597308340857,480.800443578908,near_conjunction,1,1.9492802389932535
265,-6991.520756700959,-2769.696033036218,6212.441709070378,-1.4823884466722088,-9.33960581926579,-1.6638774062210109,1799.9994020626843,615.1627510036524,561.9868381532115,background,0,0.0
266,4254.4723044601305,5204.810499308201,9139.13295832022,5.16235575087675,6.742897582721852,-9.468386133416832,517.6635016963218,760.8503091923121,1156.153052121972,background,0,0.0
267,5.594077939500494,8.256548288078648,-12.948558008599207,0.005100329984637941,0.021872015110584897,-0.005185230052490386,0.0006138752717856375,705.4888634483186,706.6612080556542,near_conjunction,1,0.8655894294657878
268,1229.793670577667,3226.0953160165013,8922.381878072003,2.5921342386853157,7.314334045812034,-2.274591830046158,1799.9994020626843,826.0002886301054,1000.5131080193833,background,0,0.0
269,-6323.387791767887,3899.5840894804705,-6282.843923493023,-6.768228651867564,-11.376288247453427,2.9968156310666716,234.1572462411085,498.2350162015964,1076.0213063648025,background,0,0.0
270,-11.794665115031876,-11.315650160819132,3.7727140064593527,0.000597465313619594,0.010259403283148671,0.010444392184671969,653.0601967349703,818.2650136787743,822.5789381867544,near_conjunction,1,1.1433443423670437
271,-4580.070852841363,1841.2651574339498,1293.6220020238343,12.086273876068445,-4.489821810286279,-2.802668257690104,367.60518961345565,756.5555630208328,912.4761173951256,background,0,0.0
272,2.76556718138454,-4.836434226086084,-8.231313160403715,0.004633957599504301,-0.009928794341306002,0.019020064487449195,202.07531295437065,720.9675548665646,715.1317086264526,near_conjunction,1,1.6072990143829906
273,-11.358245723542268,10.554990495767925,-7.109463220955092,0.0013122269006498044,0.0037977885975123415,0.00594681681461573,145.6553343097969,783.1834525510803,792.3024415442824,near_conjunction,1,0.8039742501128662
274,10759.040087749154,-3520.1238366474818,-6079.599620582202,5.33972269267538,2.1396210433166782,-5.617488355809211,1799.9994020626843,832.1045012513005,872.9732988669139,background,0,0.0
275,-3525.0459408465513,56.78301792282082,-1766.6609484968503,-9.460082143764554,0.06990318199930146,-5.309032410163272,0.0005979373155736449,432.56087190723156,690.9325079781129,background,0,0.0
276,-2648.704769476232,4683.877454334119,-4273.541978183211,-11.125880370768002,8.586099312668129,2.062858813515074,0.0005979373155736449,795.002891123574,630.7740619517463,background,0,0.0
277,2090.6999484261155,9565.651961312244,-6131.629326835457,0.9045150449293864,4.736958249477289,-3.598031975269406,1799.9994020626843,602.0281429155639,372.0829282055338,background,0,0.0
278,-9004.656496582218,-4615.7657838888645,-7714.700735043823,5.046198602085887,4.354465531398896,-1.9697272704230082,1190.6075814005192,750.4290523136751,906.807869677059,background,0,0.0
279,-4.880260572129089,11.956254544194962,0.6902459724897199,-0.0025378890670912924,-0.0023034791500271545,0.00601573539763578,70.04509572095533,635.0708171286833,644.7208690578627,near_conjunction,1,1.2096308214425922
280,-5937.240526488277,6387.040730682866,-9841.233731567285,-7.112531601557628,-7.362056972864456,2.8806670545471293,1149.983424330248,650.061000149326,641.5486842133305,background,0,0.0
281,-8157.78995402401,7571.519348258753,3701.6983890231486,3.0770694256789675,2.917435495175047,-12.597296930310936,629.9448466482218,841.5663453388815,781.9340361181085,background,0,0.0
282,-10.577150691586667,-0.7769690626273587,13.80464542556652,-0.00656034128848848,-0.007493311709894979,0.008282319769793767,0.0005979373155736449,695.7534857178507,701.5534922977049,near_conjunction,1,0.75917186466905
283,1860.526269040461,-11046.44827938958,964.8190841722903,12.050734533706034,3.122390941424153,1.1918875858750895,517.3999135148011,743.9955066301345,419.93045792807516,background,0,0.0
284,-2.980278497015206,-3.5581919291741997,-1.5639168229294569,-0.016448751189990674,-0.007304944613783171,-0.007382271170836674,0.0005979373155736449,732.5444958688722,734.4507871212691,near_conjunction,1,2.010217098418987
285,-4198.350494713617,-7366.671331395105,566.6131876157643,6.620683054877346,-4.524523291824641,2.9653727861858807,1799.9994020626843,897.3415085434563,766.3975063980415,background,0,0.0
286,-6465.575139068511,11490.968929021787,3432.3026363641225,-4.699540248278192,-5.244769787975596,6.6559688446184095,1427.4349126135337,647.7378259372435,1142.4481020618114,background,0,0.0
287,9061.422269362025,1023.7020196779899,5163.535682894799,-6.945397105015894,-1.6859909595838627,9.083028310853594,609.865154089445,628.5768164174178,734.3928626295565,background,0,0.0
288,8.734380353397682,6.054451148599583,-0.5200998120202485,0.005359851811952421,-0.010699783264909613,-0.006408429233017543,33.6481231621365,567.1067936574946,556.7289768515275,near_conjunction,1,1.4382839568426813
289,4300.937240482061,1964.297832998719,-11058.336141863663,-7.140307474892887,-2.4547393153310395,4.539481604173212,952.6214223828096,696.5123432134733,874.0420466626629,background,0,0.0
290,-7336.16516232984,9122.041422609076,-3378.1012546898505,-7.234973492865802,4.588257360246969,2.100997329438345,1799.9994020626843,656.7810128602159,784.7901118684586,background,0,0.0
291,1484.307097670448,3065.3894565354585,-3696.4284553189473,-1.7467342286939074,1.9257609955647865,1.595291343587366,1305.3170672248468,829.5833859513205,707.1568189303598,background,0,0.0
292,-343.8527598480241,6360.738928433536,11800.710615291675,3.417008741975394,-1.266319624837494,-0.5815258062821012,1327.5071299184608,472.1138278247554,398.5600235544107,background,0,0.0
293,5.113211404147933,-12.844648237516594,11.585947984251334,-0.011198649121211268,-0.002738739335593987,0.009962492796693145,0.0005979373155736449,887.7774776746819,894.5274799618928,near_conjunction,1,0.6962144763631916
294,-13.599184318950392,-11.533401703072798,1.3460844749561147,-0.007096909210988933,0.009645116199344508,-0.0070465852224401715,87.41801786211875,811.56189492251,822.6170487667969,near_conjunction,1,0.7179764188183975
295,3221.284622948738,-9034.202377156937,7299.112817853444,12.50347814047516,6.050483843285514,-2.789050162605468,543.1680726625839,473.09455520066786,739.1828914524622,background,0,0.0
296,-2081.9734903035323,8679.193896953891,-1833.9090229567328,-13.54321006767096,1.5277208886777702,0.8217397224285272,0.0005979373155736449,737.8003718904511,1136.456602035485,background,0,0.0
297,-2.5487272237869547,-4.201227119314808,-17.870642476864987,0.008642569902543418,-0.01209084458026588,-0.005686927194215707,981.3467469764765,827.2973317135711,831.8399454087921,near_conjunction,1,0.4455910125716003
298,-1714.7700290549697,-468.40939336615156,-2405.9816672844004,-14.252566197350578,2.6236299229793,0.4385280650479155,0.0005979373155736449,673.8557209615055,1006.5967967571141,background,0,0.0
299,5.373130726737145,6.1270529996013465,-7.23798793722176,0.010544896047821606,0.00513823201027197,0.009607000727089421,0.0006366905557262081,499.48875916281486,500.6725164276386,near_conjunction,1,1.4100467655058473
300,-8.745535437184571,-10.86512432569998,-7.603380848904635,0.0027179254262863495,-0.0004807221811347073,-0.0024915919062530323,0.0005349059776891768,643.89413311096,654.6847984328142,near_conjunction,1,0.9114575313980473
301,-403.5423124874442,-9878.275475924069,-6581.518463187633,14.710948096036478,0.06647281540673522,-0.9478388970711475,5.55627297157272,744.1952936414773,808.8011546767584,background,0,0.0
302,-5107.056785474839,11276.056355795314,2568.534942114228,-1.0406292738210583,-1.8293081655553542,-10.599034205430684,994.0418051684289,586.4687850388264,1109.9863676091136,background,0,0.0
303,-117.17353916833713,-5801.439385971818,-1510.7435778019899,-2.1981232428786717,-4.59908698547509,-4.045552963283063,1799.9994020626843,563.3022794744656,364.3292358661338,background,0,0.0
304,8.11316537306152,-14.538702462725269,-3.153552477931953,-0.0009810275201542762,-0.004879508406544275,-0.0045348947384882266,0.0005979373155736449,875.2944169090042,860.9635655338825,near_conjunction,1,0.8054726106583573
305,8151.514149460252,5199.126518160747,1245.8380903765426,-4.301928289107574,8.156543951113548,-1.9471963167248276,1704.2688947868332,886.6782675376235,720.4405493042532,background,0,0.0
306,0.9718512938552522,-13.294784732758671,-13.174758906074203,-0.001415398406729551,-0.001420099050793766,-0.011724837422360301,1799.9994020626843,668.6487063624736,674.4281088142179,near_conjunction,1,1.5854224001487478
307,3.518668256798037,-11.83377234447289,0.8424481689554426,0.02033092053718555,-0.022376058448332514,0.0006595710668273469,0.0005979373155736449,788.8101130513714,800.2614611372992,near_conjunction,1,1.2625456937965487
308,-6741.738914577461,-10176.744198806391,1393.868784034355,10.75848938519762,-5.969635763950737,3.4541686473738253,882.1841765126284,704.5775091711075,723.5572129430511,background,0,0.0
309,1321.8975538144218,-856.7348599521983,-395.15122115287323,0.8208909681535292,1.3530811803111145,0.2691761610109,1799.9994020626843,874.2929019832391,943.3804985009938,background,0,0.0
310,5.208353196401731,12.23516289860379,0.11349127038511142,0.020748500296108974,-0.0007641338738881842,0.031934231563270465,0.0005979373155736449,779.5748492215389,773.4867815493944,near_conjunction,1,1.1701911534767264
311,5.370751333829503,-3.8546018818133234,5.324468601651578,-0.002512444055874141,0.007240568785054524,-0.025398464155294675,256.34478659395734,731.7932342403137,730.8747625684464,near_conjunction,1,1.9919760280025542
312,7190.694664830255,-5733.2804266874045,-2433.287584806702,-9.248947518922877,6.313274537429283,-0.7757632304813141,687.9820989023024,879.5843303994361,593.4288042908402,background,0,0.0
313,-3.8139877619282743,0.27690985505250865,0.21756630242043684,-0.0033675870625780036,-0.0069902492685427475,0.021643168524882128,0.0005979373155736449,549.2526998594049,547.8336112074903,near_conjunction,1,2.116978649574461
314,-728.9975871907654,-3126.700774319539,-269.8130484297951,1.6068158735524811,13.64581414684783,-0.2575581945254859,227.04698283720347,541.5549256115573,969.9243539986883,background,0,0.0
315,-1993.4746459836822,-5904.293185908726,10946.484665535409,11.306719220783691,-2.6596488447141664,2.760367893848895,1799.9994020626843,825.704524357915,738.3677832713292,background,0,0.0
316,-7197.894593730976,-11874.37908101509,843.5299337447541,8.917334168630397,-5.879239267142218,6.8814678841952315,1630.997941520117,836.9620563920407,526.7326771606922,background,0,0.0
317,6.9511760084541265,11.60107084825114,0.7645290762848163,0.004499982334233987,-0.0032431318228614003,-0.014115495792865751,336.4376167811655,860.698597039247,861.4284476137736,near_conjunction,1,1.16960284985571
318,-10.924155676721057,-3.313180430813645,2.3295780527428462,-0.009858686902969538,0.0047428851510433745,0.010239884996422255,0.0005979373155736449,431.3390514524899,423.1560013128783,near_conjunction,1,1.3349188257957216
319,-931.8641289204252,-1971.690393014512,282.21776032512116,-9.099767969760634,0.03302902006034536,11.26032820352992,0.0005979373155736449,750.4916852466349,834.558406890199,background,0,0.0
320,-0.3171561755689254,17.35382814026525,7.660515391617764,0.008355359556481368,0.0023065714744421317,0.0020867233441264066,0.0005979373155736449,887.9751302243885,906.1588211775197,near_conjunction,1,0.6027928446192217
321,-3809.9571652314376,-5764.062203927834,4112.759550799974,-6.5524943175253805,-8.507698112986098,0.6153327945026335,0.0005979373155736449,659.4026570133947,1283.3784472348298,background,0,0.0
322,-6597.818344131327,9151.449608576168,-4580.009655117418,-1.4990384293347718,-9.003132559920285,-3.9203048042827486,1028.5960958525604,524.4628853200966,1144.3413632988832,background,0,0.0
323,7.131936475932889,5.132103657224889,2.6417065661095194,0.0032955508068677197,0.017584538855743403,0.005123025843079443,0.0005979373155736449,789.0425988016668,794.0510136275052,near_conjunction,1,1.5824937512957284
324,-6869.722225316316,775.2053558154221,6875.226817794981,3.6475108723882306,-10.290503791087897,5.461081590012563,0.0005979373155736449,689.361033680394,1002.076209154422,background,0,0.0
325,-12.100946705529168,-0.13455493093624682,11.059528680829999,0.011679776174689849,0.002120649634841154,-0.011914032147534392,801.8522920356817,606.2064438368261,616.2366590157799,near_conjunction,1,2.0116347468754485
326,5369.640169014843,363.55018203081545,359.82183041120385,12.061655738078622,-0.07216077957233047,4.36906431005247,0.0005979373155736449,900.0419884338016,949.4570063673191,background,0,0.0
327,4.02270717414558,1.2854154168917944,-1.2000461779617808,0.00795942252489143,-0.007740826872458584,-0.0093524992541969,0.0005979373155736449,598.6049365584677,602.7218639682551,near_conjunction,1,2.060971339831791
328,-4826.160824432515,7617.549354436259,5214.8960055892885,-10.512268741017856,-9.854955831193678,4.1329582109145555,26.590903809231527,739.5114857438475,728.2483237980287,background,0,0.0
329,9.268012143923784,-8.151843215040572,4.045648233621591,-0.006270332596758799,0.013230414182710426,-0.0007511696274473678,881.9000376602918,593.0029468126077,602.4364309080156,near_conjunction,1,1.7993580154555895
330,-492.48941510846817,1043.2398898759557,-779.9553391595379,-4.195696390576158,14.020309517080666,-0.4340037247798472,0.0005979373155736449,873.1870656714,1103.0304241319327,background,0,0.0
331,-2.5605605999427326,-0.9817108452252796,-1.4215550382123183,0.0037025480346803974,0.0009654027578203106,-0.008016272981075545,0.0005979373155736449,788.5042248297705,787.0719389144888,near_conjunction,1,2.1911141529142326
332,-9076.036428564434,349.5977824463316,-4069.624401852812,9.356180211724183,-0.5688866604802971,4.841910111593507,732.4844908388978,659.4781103987871,439.9491043033222,background,0,0.0
333,-5823.754941111605,7245.031175453614,4225.852420811966,-3.3032173826026963,1.8275410062241122,1.6350929904591922,1799.9994020626843,862.8662489536673,1173.6754737688389,background,0,0.0
334,-1216.7640847439907,1543.962478602638,354.18543909203265,-0.764287614922786,-1.7761019024095663,0.2063891528840285,1716.992790385717,442.02169059907646,1087.2071787458035,background,0,0.0
335,2.56724431172006,-9.508047554695395,-14.144106459789953,0.002381058980394979,0.005250317210273359,-0.017608091816673666,1799.9994020626843,741.8054900963361,742.2608519591577,near_conjunction,1,1.043822913254321
336,-1.172231852510322,10.173118065332346,-12.844307284503614,-0.0010202797428888744,0.0038656490966908486,0.024016473323082713,314.1793747511568,875.8184499247573,885.0046873894134,near_conjunction,1,1.1713227628415737
337,1.3155367321855351,2.1088053795647284,5.354297027080879,0.010131963726643711,0.004077623761813309,0.0031058618157427196,0.0005979373155736449,762.6735441683686,760.5090182457998,near_conjunction,1,1.9096929630531083
338,1569.7116882365458,1458.8277727675286,8506.376388198998,-4.827228168847347,3.0467222408431707,2.8410975230185067,1799.9994020626843,735.048861102201,462.5409906095092,background,0,0.0
339,-6.156722825890029,4.157525758781048,-4.394240474401045,0.005348818791919285,0.0012963513831829587,0.010949431262477632,490.3689462203351,531.5462143642608,530.3899130599821,near_conjunction,1,1.9579068914207998
340,-1.8403667300317466,0.2944074114111572,-1.3618580665563513,0.012068168345551022,-0.01972743194560911,-0.010037817838639107,22.788259557628816,576.5491638128797,576.2051415122114,near_conjunction,1,2.2763633949524062
341,1446.2965456838556,-1554.9612829724197,-262.44382176689305,8.99150815496723,-8.955911294679188,-3.4101782291036553,0.0005979373155736449,688.9483777966552,722.8106690937148,background,0,0.0
342,13760.122088396378,1301.8255800801658,-1481.212139048247,-0.5743968097464949,14.321159866302104,3.446449198246377,0.0005979373155736449,580.7354377100273,1082.740814732285,background,0,0.0
343,-0.6247053724155194,-2.732839935742504,12.540043969734143,-0.023662319267392484,0.0036136212612767338,0.0071271045310301595,0.0005979373155736449,491.85319874384186,500.4322758258795,near_conjunction,1,1.2150428550813066
344,-1374.1945278126814,9165.64487396586,5694.731458281842,9.489969213654106,-6.441909815455622,7.1736842817420685,402.75954560131703,877.9696562639756,891.0979910246542,background,0,0.0
345,-3.940587549825068,12.848143588100356,12.508126034950692,-0.021378496187789198,-0.009362549811482879,0.017770788280380145,0.0005979373155736449,453.1508225522821,456.3551777622888,near_conjunction,1,0.6640902431915227
346,936.5368490625963,5268.513253670981,1143.262401707566,-5.852975489978219,11.613663824421051,0.4260768207762724,0.0005979373155736449,596.4011140312132,879.1389884315067,background,0,0.0
347,-0.27784532447333277,1.3580395646094985,1.0286032728704413,0.010878348565904084,0.0050651321243300185,0.01793910695551304,0.0005979373155736449,748.4542969880104,749.504310557586,near_conjunction,1,2.3273871136176765
348,-15.432748586516936,2.9331277994660923,6.492242253110135,0.00803435482092052,-0.012871717634638458,0.010373438424431836,427.40392199709527,684.0467409522744,678.4958439836237,near_conjunction,1,0.9494706456636854
349,5.496713845729346,0.7718891235290357,11.487826086032555,0.0035654223118930517,-0.00634757718615786,0.0034620106574836385,1799.9994020626843,883.0842526940587,886.4176916198076,near_conjunction,1,1.9525078332074508
350,17.961001584452333,-3.855615615408624,-3.6770045813836987,-0.022480631778791005,-0.001289194068338162,-0.0043618270017455885,676.12591751355,867.3507079080828,863.1425603673397,near_conjunction,1,1.8904698754225864
351,-7842.849072798463,-6486.960006142234,-3376.5817712700386,3.423373680343419,1.0262623990564412,9.62450318584142,809.6420816387778,497.6331054253833,787.0201877450854,background,0,0.0
352,1864.3376993514976,4501.259527657661,9480.93100782342,-8.852530504385209,7.889002182842285,-3.0746909891717484,420.92062211438787,739.5754271139704,551.0196712978359,background,0,0.0
353,14.960053124329534,8.524030371859226,9.820257680911254,-0.008783503055768804,-0.011666659596004436,0.0007690773196729062,1115.9751211948187,557.3576117937528,572.1927737357137,near_conjunction,1,1.088381719221919
354,-12550.540145020568,-930.1498514334128,-1197.66162512433,-2.507219093029157,6.663589162269336,6.312278869533391,1641.7127929715837,535.6464683852801,993.6548598484906,background,0,0.0
355,-1544.6317661130745,-12861.047875954308,5931.547604426069,11.097765433402873,-3.5087878639492835,-0.09482904451227725,1799.9994020626843,755.4555143125717,1177.1930777021034,background,0,0.0
356,12.84199155393162,-1.1571755126768153,-2.7280474697763566,-0.013922373846886438,-0.005762245463621696,0.014351837371653242,355.3517553724887,658.5078173831844,646.966059220751,near_conjunction,1,1.4846850123403086
357,8.0355104402488,8.634067610445527,2.7052162713703183,-0.007699339186907572,-0.0026159542078829645,-0.009414530761922446,785.8049118488489,806.8560190957696,807.5278627782309,near_conjunction,1,1.8871289484473188
358,13833.556304267044,-522.420323532871,2327.5353862089537,1.5773737643109436,13.345762566062287,-6.590630474524154,1350.9715063438532,555.5869139298802,732.1940371980145,background,0,0.0
359,-7340.956490820884,-9910.364839699829,4718.040844266536,9.540656640894223,-8.606063550011697,-2.714482702718886,1481.5167340135272,666.4792638024765,901.6764189611795,background,0,0.0
360,310.9393164862531,-4637.948332920271,-12600.420778617627,2.6846267615413435,-3.7894929359196667,2.0548913480298565,1493.3233420937227,762.3751198525697,1094.7301418379157,background,0,0.0
361,1.031201575259729,-9.286984125297295,-5.1806932559757115,-0.008575535635412468,0.009076144923978013,-0.025282638988401995,0.0005979373155736449,578.7714715674583,577.8314119785864,near_conjunction,1,1.431584918174925
362,1310.0624216695414,-4310.0886091526045,-4032.042709169028,3.7900193167535963,3.20131377189996,0.3195953179695791,1294.0434462109627,562.0849229221667,1118.8089780758455,background,0,0.0
363,-4094.707502082404,-6059.547694135312,-6603.132448870753,-10.819675457672872,8.977829434796963,1.2773091552157883,182.75542799803043,501.4287063048905,1232.7778602800327,background,0,0.0
364,5.3827106156477385,6.37120928796503,5.1430387558277175,0.005164636658799182,0.006338162546014381,-0.027059273950864826,102.14320556287606,494.2921366167202,493.38716304974423,near_conjunction,1,1.5579928588095333
365,642.4748570613151,5202.342894780929,-4280.982830762349,10.688588647934843,-1.6435275749447584,-9.911859559134381,0.0005979373155736449,591.6104701723161,762.3969234600145,background,0,0.0
366,11.624613240071994,-9.849350140079878,10.702066004567541,-0.0028140519070349868,0.01486329562930866,-0.003804644324784806,1001.6040842879476,814.0526361077991,811.709404156305,near_conjunction,1,1.9283428065501518
367,9797.781124829078,10478.149685681674,-90.84259685066047,-10.256848009702363,10.101657598065025,0.8442600463245475,1799.9994020626843,691.5311323069691,1038.534857036966,background,0,0.0
368,7.528115970047111,-4.764674201298476,5.603211159844477,-0.012257661172843548,-0.006026919072616543,-0.018675947131653325,331.1147745229144,874.8226214893793,871.7286456373904,near_conjunction,1,1.780649670459514
369,10653.583808183352,-5540.30869129596,-4349.180321332253,4.092036620701374,12.045520048405027,-1.1937992647394031,955.3203038083075,744.9384327569651,1191.1862976919892,background,0,0.0
370,3174.6636335740873,-1864.9834682545797,-2213.340496978663,4.814190662841379,-2.3048271059686516,-3.6161212672318626,0.0005979373155736449,589.4362569772284,1157.5190638787035,background,0,0.0
371,3.5726193172067724,8.512088603511984,7.723390958548862,0.023166654436441725,0.0031089077263706244,0.002027837579573699,0.0005979373155736449,760.0492595940468,753.2790749408696,near_conjunction,1,1.2963797175514866
372,5.028983656226671,-4.71922370095308,3.8691201602359797,-0.01589335468784181,-0.004398160421038355,0.01178345403303993,39.79117262851492,669.5607588564662,669.206467590001,near_conjunction,1,1.7126562052960503
373,-9541.717811753973,6723.923663613604,3054.2594648376235,-7.104069335608056,-3.820181423764426,-5.789806184388358,1763.8415358814543,593.1989810513351,715.8501639648593,background,0,0.0
374,5.8914167783912035,-11.791510722477142,-10.321276831663454,0.005623908931775112,-0.004815117676889413,0.003835628525288348,656.581744650672,783.0735130658622,782.7014016494422,near_conjunction,1,0.8456366828006833
375,-2.229704692228097,2.776326151584726,1.7446025907347575,0.008482713805540776,-0.01184472915968593,-0.004074302835657129,269.110366464097,636.6156595119928,632.9930248557139,near_conjunction,1,2.4247817432992527
376,-3109.3199978496928,1637.4055786533704,6950.899850246138,-8.110486851573667,9.484223913286943,-2.426495049503493,0.0005979373155736449,484.33571644441326,836.7855732681874,background,0,0.0
377,-4.067974027733271,4.084772540684753,-2.747025419440888,-0.006034502411563558,-0.007421559232520192,0.0055658147453812035,111.63014416697781,503.8870249478332,509.97213536433446,near_conjunction,1,1.879467601804674
378,-7167.202688989398,-7149.8949204947,5953.413376847715,-1.7526871573928817,-6.930848810963392,3.6069641314023135,1799.9994020626843,771.7884165174828,770.9495313729476,background,0,0.0
379,12.295499345314965,0.747481906707435,1.0691152453646282,0.0005546316499698278,0.006446741234786835,0.005331332843756864,0.0005450464838616402,719.3932746101073,709.473107059127,near_conjunction,1,1.2635491936208056
380,-4174.753185605772,9133.651658199453,-6338.57572723345,-0.7885071873076397,-5.169325120002917,-4.093200132159718,1307.4898166197204,578.1463448944005,746.9016654176994,background,0,0.0
381,2437.340509715,6154.056254381162,4937.674045727956,-3.5182126948985424,-9.25814091535853,4.178536992434871,557.0332796320725,690.4549046411466,760.6245979288469,background,0,0.0
382,2.462227478398063,10.598741155889911,-5.219604123153765,0.00041757441406264917,-0.017143289089975866,-0.00025069817584577603,866.0892400622544,472.9760617062566,463.12391470925377,near_conjunction,1,2.1544771443158566
383,-3.983898522451568,4.73477529943375,-4.993509099451785,-0.017792439071134147,-0.010120990238514649,-0.01665380632743929,0.0005979373155736449,668.9521786373052,662.5764218473987,near_conjunction,1,1.704859731805701
384,1157.6620620957738,-7731.388718920957,-4226.765067289501,1.5808935782635931,-10.464051074624628,-3.8984634726602354,1799.9994020626843,725.8778361968225,919.735248060826,background,0,0.0
385,-9530.210650995028,-136.20537951949743,11051.702495478756,8.10522764904534,6.279007311840589,7.129987549074684,1566.1234732396376,774.03136441056,1078.7572719903337,background,0,0.0
386,7.069736077898597,-6.685965567888616,-11.261917979762075,0.016521443336770192,-0.0020118092471985705,-0.009660141287028079,0.0005979373155736449,543.763807978371,555.464549360926,near_conjunction,1,1.0116640626629392
387,10.543155252379165,-6.63413016213417,9.400000726450116,-0.010084475834576168,-0.0023381143350760247,0.008357914404524935,84.03212205771219,543.1877932931966,551.3354285784208,near_conjunction,1,0.9429249884006672
388,1534.67783097735,4572.259833537891,-6451.298227308005,-12.844478632739612,3.7277967728589765,0.8404035626981603,78.17609725131172,544.0986376812853,597.2462962917107,background,0,0.0
389,2197.0257919808023,5872.7773308036585,-9811.589402974954,-2.715865051722822,9.736598564734678,0.16321703278491673,1799.9994020626843,857.4792560836913,616.3252974174593,background,0,0.0
390,-11.074654053039012,11.88440405985466,-9.216184996821994,0.014906788112020841,0.01325102999171257,-0.004713954106340901,0.00044285095881545683,653.469075786822,660.5445106895213,near_conjunction,1,0.6323139453065544
391,11563.160559140353,187.99909936621043,-4416.446337642987,-4.813507036328897,10.722690996683323,-4.407737069239277,839.1983754149551,514.8843405776825,759.3842868547827,background,0,0.0
392,5861.414678471564,-9690.774999280844,-4444.038366922629,4.196103146787684,-6.297894684566096,-1.2631651964914443,1799.9994020626843,616.3180850977133,1144.3826457347604,background,0,0.0
393,2.6365306734378464,5.031694280641204,-4.739375884907531,0.003156010589546676,0.0005576565906624253,0.014550648943597366,245.49567679059837,802.4063550641986,796.9245348058985,near_conjunction,1,1.8603992004165648
394,-9145.574485147568,-2522.8964409006885,-5280.564381557952,2.2831316856035304,-2.584507862203277,-3.085094507895639,1473.224366189538,677.091396464577,492.20683850199293,background,0,0.0
395,-1.6412939444771837,4.876347657308543,3.1876464628539907,-0.0009512340466448777,-0.013965790873035289,-0.007902895136551624,376.12469709224484,639.0712034814378,644.8836713711371,near_conjunction,1,2.2719076661364794
396,-471.58621923183273,-4905.754082887264,8066.439174864547,0.025809571989481528,-9.86805945184013,-3.586359885434466,0.0005979373155736449,616.8046744606063,945.6394275858702,background,0,0.0
397,-2774.3295057450123,5768.0240053160005,5829.685454376058,3.7592876339039796,-3.571032682428036,5.12386149490682,1252.0014718210825,741.4437409324855,421.647901109558,background,0,0.0
398,-2.524118208885284,0.6477682313916375,2.7973523520400363,0.010697261700303606,-0.009899062157689098,0.012674871990874748,0.0005979373155736449,640.3008284339994,638.9852615950504,near_conjunction,1,2.1176917599847944
399,11.53092831802769,-6.767630834577176,0.08712270843625447,-0.014406641682530363,0.00042672167383273063,-0.008510364071272702,481.1260504585232,654.3754327010656,655.379733195231,near_conjunction,1,1.626151481276984
